wellId,name,field,operator,wellType,status,spudDate,completionDate,totalDepth,latitude,longitude
OIL-SYN-001,NWIS Discovery Well 01,NWIS-DEMO-FIELD,Oil India Limited (Synthetic Operations),EXPLORATION,COMPLETED,2023-01-15T00:00:00Z,2023-04-20T00:00:00Z,4150.0,27.325,95.312
OIL-SYN-002,NWIS Duliajan North 02,NWIS-DEMO-FIELD,Oil India Limited (Synthetic Operations),DEVELOPMENT,DRILLING,2024-02-01T00:00:00Z,,3950.0,27.338,95.328
OIL-SYN-003,NWIS Precedent Well 03 (Stuck Pipe),NWIS-DEMO-FIELD,Oil India Limited (Synthetic Operations),DEVELOPMENT,COMPLETED,2023-03-10T00:00:00Z,2023-07-02T00:00:00Z,4250.0,27.315,95.305
OIL-SYN-004,NWIS Nahorkatiya East 04,NWIS-DEMO-FIELD,Oil India Limited (Synthetic Operations),DEVELOPMENT,COMPLETED,2023-05-01T00:00:00Z,2023-08-10T00:00:00Z,4100.0,27.342,95.341
OIL-SYN-005,NWIS Precedent Well 05 (Lost Circulation),NWIS-DEMO-FIELD,Oil India Limited (Synthetic Operations),DEVELOPMENT,COMPLETED,2023-06-01T00:00:00Z,2023-09-18T00:00:00Z,4050.0,27.355,95.335
OIL-SYN-006,NWIS Moran Central 06,NWIS-DEMO-FIELD,Oil India Limited (Synthetic Operations),DEVELOPMENT,COMPLETED,2023-07-15T00:00:00Z,2023-10-30T00:00:00Z,4180.0,27.295,95.275
OIL-SYN-007,NWIS Precedent Well 07 (Barail Stuck Pipe Precedent),NWIS-DEMO-FIELD,Oil India Limited (Synthetic Operations),APPRAISAL,COMPLETED,2023-08-20T00:00:00Z,2023-12-15T00:00:00Z,4300.0,27.318,95.308
OIL-SYN-008,NWIS Tengakhat South 08,NWIS-DEMO-FIELD,Oil India Limited (Synthetic Operations),DEVELOPMENT,COMPLETED,2023-09-01T00:00:00Z,2023-12-28T00:00:00Z,4120.0,27.375,95.362
OIL-SYN-009,NWIS Precedent Well 09 (Gas Kick Incident),NWIS-DEMO-FIELD,Oil India Limited (Synthetic Operations),EXPLORATION,COMPLETED,2023-10-01T00:00:00Z,2024-02-15T00:00:00Z,4380.0,27.310,95.295
OIL-SYN-010,NWIS Dikom Northwest 10,NWIS-DEMO-FIELD,Oil India Limited (Synthetic Operations),DEVELOPMENT,COMPLETED,2023-10-15T00:00:00Z,2024-01-20T00:00:00Z,3980.0,27.360,95.310
OIL-SYN-011,NWIS Chabua East 11,NWIS-DEMO-FIELD,Oil India Limited (Synthetic Operations),DEVELOPMENT,COMPLETED,2023-11-01T00:00:00Z,2024-02-28T00:00:00Z,4160.0,27.380,95.285
OIL-SYN-012,NWIS Precedent Well 12 (Barail Correlation Precedent),NWIS-DEMO-FIELD,Oil India Limited (Synthetic Operations),DEVELOPMENT,COMPLETED,2023-11-20T00:00:00Z,2024-03-10T00:00:00Z,4220.0,27.319,95.311
OIL-SYN-013,NWIS Bogapani South 13,NWIS-DEMO-FIELD,Oil India Limited (Synthetic Operations),DEVELOPMENT,COMPLETED,2023-12-01T00:00:00Z,2024-03-25T00:00:00Z,4080.0,27.270,95.340
OIL-SYN-014,NWIS Precedent Well 14 (Tipam Losses Precedent),NWIS-DEMO-FIELD,Oil India Limited (Synthetic Operations),DEVELOPMENT,COMPLETED,2024-01-05T00:00:00Z,2024-04-18T00:00:00Z,4020.0,27.352,95.338
OIL-SYN-015,NWIS Tinsukia West 15,NWIS-DEMO-FIELD,Oil India Limited (Synthetic Operations),EXPLORATION,COMPLETED,2024-01-15T00:00:00Z,2024-05-02T00:00:00Z,4420.0,27.420,95.390
OIL-SYN-016,NWIS Makum North 16 (Shale Instability),NWIS-DEMO-FIELD,Oil India Limited (Synthetic Operations),DEVELOPMENT,COMPLETED,2024-02-01T00:00:00Z,2024-05-15T00:00:00Z,3950.0,27.410,95.420
OIL-SYN-017,NWIS Bordubi 17,NWIS-DEMO-FIELD,Oil India Limited (Synthetic Operations),DEVELOPMENT,DRILLING,2024-03-01T00:00:00Z,,3880.0,27.305,95.335
OIL-SYN-018,NWIS Zaloni Deep 18,NWIS-DEMO-FIELD,Oil India Limited (Synthetic Operations),EXPLORATION,PLANNED,2024-06-01T00:00:00Z,,4500.0,27.330,95.265
OIL-SYN-019,NWIS Shalmari South 19,NWIS-DEMO-FIELD,Oil India Limited (Synthetic Operations),DEVELOPMENT,COMPLETED,2024-02-10T00:00:00Z,2024-05-20T00:00:00Z,4110.0,27.280,95.315
OIL-SYN-020,NWIS Deohal Step-out 20,NWIS-DEMO-FIELD,Oil India Limited (Synthetic Operations),APPRAISAL,DRILLING,2024-03-15T00:00:00Z,,4280.0,27.345,95.375
